id_prot,position_in_protein,batch,Modification,modified_peptide_y,spectrum_x,TMT_group1,TMT_group2,mix_channels,norm_intens_130N,norm_intens_131N,norm_intens_127C,norm_intens_129N,norm_intens_128C,norm_intens_127N,norm_intens_130C,norm_intens_128N,norm_intens_129C,norm_intens_126,norm_intens_131C,intensity_TMT_group1,intensity_TMT_group2,T_test_p_value,mannwhitneyu_p_value,permutation_p_value,FC_median,pvalue_correct
Q8N350,589.0,"[6, 13]","[['Phospho@D'], ['Phospho@D']]","[['R.QHSD[+80]PGAR.A'], ['R.QHSD[+80]PGAR.A']]","[['bannertmt_b06_15.2528.2528.2'], ['bannertmt_b13_14.2541.2541.2']]","[[['129N', '127C', '131N', '130C']], [['130N', '131N', '127C', '129N']]]","[[['130N', '127N', '129C', '128C', '128N']], [['128C', '127N', '130C', '128N', '129C']]]","[[['126', '131C']], [['126', '131C']]]","[[0.78522893893979], [0.6170217655275337]]","[[0.6162532019615059], [0.855299522374002]]","[[0.8210266841418028], [0.6808259180214741]]","[[0.880997589048288], [0.7789649716108377]]","[[0.9223656989076868], [1.237566934024858]]","[[0.8696664877203003], [0.8175977484552884]]","[[0.9149738580081339], [0.917086371950791]]","[[1.2293132533907751], [0.7307377706190882]]","[[1.411785431316299], [1.171758519086968]]","[[0.976078615425484], [1.1164726360541943]]","[[0.9999512216938876], [0.9999183239799421]]","[0.880997589048288, 0.8210266841418028, 0.6162532019615059, 0.9149738580081339, 0.6170217655275337, 0.855299522374002, 0.6808259180214741, 0.7789649716108377]","[0.78522893893979, 0.8696664877203003, 1.411785431316299, 0.9223656989076868, 1.2293132533907751, 1.237566934024858, 0.8175977484552884, 0.917086371950791, 0.7307377706190882, 1.171758519086968]",0.01223238084694226,0.026646556058320763,0.017598240175982403,2.670708982548301,0.2441755824417558
P12036,828.0,"[5, 21]","[['Phospho@S'], ['Phospho@S']]","[['K.S[+81]PVKEEEKPQEVK.V'], ['K.S[+81]PVKEEEKPQEVK.V']]","[['bannertmt_b05_11.16867.16867.3'], ['bannertmt_b21_11.15589.15589.3']]","[[['127C', '129N', '130N', '131N']], [['130C', '129C', '128C', '127C', '131N']]]","[[['128N', '130C', '129C', '127N', '128C']], [['127N', '128N', '130N', '129N']]]","[[['126', '131C']], [['126', '131C']]]","[[0.906928592673628], [0.6475582176516966]]","[[0.7491603892047108], [0.618437607460362]]","[[1.34052512866692], [1.037163302157791]]","[[0.8965886066237893], [0.6849722770025244]]","[[0.6824237547513785], [1.2652474794122637]]","[[0.8738254885186721], [0.8627827602424446]]","[[1.007373174230198], [1.0618146118578762]]","[[0.5936064708088402], [0.7970295793305406]]","[[0.6901179223820825], [1.1031055965378556]]","[[1.022664797989551], [1.0112293614611276]]","[[1.0000006553570446], [1.0000108428660726]]","[1.34052512866692, 0.8965886066237893, 0.906928592673628, 0.7491603892047108, 1.0618146118578762, 1.1031055965378556, 1.2652474794122637, 1.037163302157791, 0.618437607460362]","[0.5936064708088402, 1.007373174230198, 0.6901179223820825, 0.8738254885186721, 0.6824237547513785, 0.8627827602424446, 0.7970295793305406, 0.6475582176516966, 0.6849722770025244]",0.02079360840697362,0.021684111364991994,0.0221977802219778,-0.09838258656598922,0.2441755824417558
P46821,1965.0,"[8, 21]","[['Phospho@S'], ['Phospho@S']]","[['K.TTS[+81]PPEVSGYSYEK.T'], ['K.TTS[+81]PPEVSGYSYEK.T']]","[['bannertmt_b08_12.26877.26877.3'], ['bannertmt_b21_11.24190.24190.2']]","[[['128C', '127N', '131N', '128N', '130N']], [['130C', '129C', '128C', '127C', '131N']]]","[[['130C', '127C', '129N', '129C']], [['127N', '128N', '130N', '129N']]]","[[['126', '131C']], [['126', '131C']]]","[[0.8022318568242403], [1.0417084571680937]]","[[0.926302470641941], [0.9815389416162695]]","[[1.0543843886999629], [0.9628366978422089]]","[[0.9426098239117736], [0.9591799869336771]]","[[1.0], [0.8361719389834494]]","[[0.9547150103621039], [1.0103656711593971]]","[[0.9245217211830743], [1.0504037438977234]]","[[1.0], [1.1979447231906972]]","[[1.0], [0.9431045835500775]]","[[1.0], [0.8613708614888309]]","[[1.0], [0.9999758379352575]]","[1.0, 0.9547150103621039, 0.926302470641941, 1.0, 0.8022318568242403, 1.0504037438977234, 0.9431045835500775, 0.8361719389834494, 0.9628366978422089, 0.9815389416162695]","[0.9245217211830743, 1.0543843886999629, 0.9426098239117736, 1.0, 1.0103656711593971, 1.1979447231906972, 1.0417084571680937, 0.9591799869336771]",0.08507333823498074,0.1675673982252247,0.0913908609139086,-8.166338163860997,0.6701996467019965
Q16799,563.0,"[14, 17]","[['Phospho@S'], ['Phospho@S']]","[['R.KPEEDSSSNQS[+81]PAATK.G'], ['R.KPEEDSSSNQS[+81]PAATK.G']]","[['bannertmt_b14_14.18016.18016.3'], ['bannertmt_b17_13.10291.10291.3']]","[[['127C', '131N', '128N', '130C', '129N', '130N']], [['127C', '129C', '128C', '130C']]]","[[['129C', '128C', '127N']], [['130N', '131N', '127N', '129N', '128N']]]","[[['126', '131C']], [['126', '131C']]]","[[1.0521456152714606], [1.0565654331210181]]","[[1.2207616828484351], [1.2673140348259797]]","[[1.3397277865259836], [1.193942762584361]]","[[1.4663198073429768], [1.238134672728088]]","[[2.3113630598092403], [0.7751411662466775]]","[[1.772333137788025], [1.0996370187628686]]","[[1.01807993175129], [0.9387253190895601]]","[[1.4245182117801105], [1.1028973098948633]]","[[1.033111465972268], [1.0]]","[[1.0335615581950213], [1.0229473846542854]]","[[0.999942003249592], [0.9999955958220773]]","[1.3397277865259836, 1.2207616828484351, 1.4245182117801105, 1.01807993175129, 1.4663198073429768, 1.0521456152714606, 1.193942762584361, 1.0, 0.7751411662466775, 0.9387253190895601]","[1.033111465972268, 2.3113630598092403, 1.772333137788025, 1.0565654331210181, 1.2673140348259797, 1.0996370187628686, 1.238134672728088, 1.1028973098948633]",0.22979295771569364,0.2742812742812743,0.21177882211778823,0.732129988892002,0.7515915075159151
P49840,279.0,"[13, 17]","[['Phospho@Y'], ['Phospho@Y', 'Phospho@Y', 'Phospho@Y']]","[['R.GEPNVSY[+80]ICSR.Y'], ['R.GEPNVSY[+80]ICSR.Y', 'R.GEPNVSY[+80]ICSR.Y', 'R.GEPNVSY[+80]ICSR.Y']]","[['bannertmt_b13_02.25839.25839.2'], ['bannertmt_b17_02.18629.18629.2', 'bannertmt_b17_02.18291.18291.2', 'bannertmt_b17_02.19268.19268.2']]","[[['130N', '131N', '127C', '129N']], [['127C', '129C', '128C', '130C'], ['127C', '129C', '128C', '130C'], ['127C', '129C', '128C', '130C']]]","[[['128C', '127N', '130C', '128N', '129C']], [['130N', '131N', '127N', '129N', '128N'], ['130N', '131N', '127N', '129N', '128N'], ['130N', '131N', '127N', '129N', '128N']]]","[[['126', '131C']], [['126', '131C'], ['126', '131C'], ['126', '131C']]]","[[0.8438383055250342], [0.8253690238301397, 0.9055456200792322, 0.9690755627094098]]","[[0.944786841780007], [0.8870721531742514, 1.0850096203071558, 1.0743782320589135]]","[[0.9237006135670023], [0.9577216089059408, 0.9841820249182519, 0.7752666697387368]]","[[0.7417317849058896], [1.005140434301332, 0.9078074012785815, 1.0178993529644926]]","[[1.264667814426394], [1.0505364945620892, 0.7951754532024362, 0.899288468882671]]","[[1.3141415644593373], [1.0393296504195257, 0.9651337484259779, 1.0787581867443463]]","[[1.1643097543487602], [1.0410077764310197, 0.8718420008946942, 0.954976232591611]]","[[1.0758569533832778], [0.9995102952279982, 1.0386938449162573, 1.0266959884180322]]","[[0.6104649255542823], [0.9940229570433934, 0.8833810474002993, 1.0033061678779458]]","[[0.958143816018538], [1.05513278900169, 1.0737183227037854, 0.9538863847105442]]","[[0.9999809249271877], [1.0000018432393214, 1.0, 0.9999986992630958]]","[0.8438383055250342, 0.944786841780007, 0.9237006135670023, 0.7417317849058896, 0.9841820249182519, 1.0033061678779458, 1.0505364945620892, 1.0410077764310197]","[1.264667814426394, 1.3141415644593373, 1.1643097543487602, 1.0758569533832778, 0.6104649255542823, 0.9690755627094098, 1.0850096203071558, 1.0787581867443463, 1.0178993529644926, 1.0386938449162573]",0.18946073384075116,0.03427944604415192,0.2293770622937706,-0.4884261190205081,0.7515915075159151
P07197,505.0,"[5, 22]","[['Phospho@E', 'Phospho@E'], ['Phospho@E']]","[['K.EEEPEAEEEE[+81]VAAKKSPVK.A', 'K.EEEPEAEEEE[+81]VAAKKSPVK.A'], ['K.EEEPEAEEEE[+81]VAAKKSPVK.A']]","[['bannertmt_b05_07.24698.24698.4', 'bannertmt_b05_07.24487.24487.4'], ['bannertmt_b22_08.23276.23276.4']]","[[['127C', '129N', '130N', '131N'], ['127C', '129N', '130N', '131N']], [['128N', '130C', '127C', '129N', '127N']]]","[[['128N', '130C', '129C', '127N', '128C'], ['128N', '130C', '129C', '127N', '128C']], [['131N', '128C', '129C', '130N']]]","[[['126', '131C'], ['126', '131C']], [['126', '131C']]]","[[0.7490729130365993, 0.9077497733487929], [0.8265395273173626]]","[[0.7180682941858055, 0.8680193579181039], [1.1243072694844716]]","[[0.9765569684411042, 0.957654989766444], [1.081958867424594]]","[[0.905446662981776, 0.8881046418757451], [0.8725931781093498]]","[[0.8620729908425482, 0.9078295760572048], [1.1094548777084234]]","[[0.8327200357639521, 0.8839248821847306], [1.0915058322442184]]","[[0.9295572378255178, 0.9645987795651931], [1.2193436963344189]]","[[0.6453215525452131, 0.9215170804838521], [1.0535256163292512]]","[[0.641379298926958, 0.8625132355256147], [0.8842753752299224]]","[[0.9636825897887066, 0.9755232241176037], [1.0220797480271309]]","[[0.9999995282714472, 0.9999972958210976], [1.0000098455062623]]","[0.9765569684411042, 0.905446662981776, 0.9077497733487929, 0.8680193579181039, 1.0535256163292512, 1.2193436963344189, 1.081958867424594, 0.8725931781093498, 1.0915058322442184]","[0.9215170804838521, 0.9645987795651931, 0.8625132355256147, 0.8839248821847306, 0.9078295760572048, 1.1243072694844716, 1.1094548777084234, 0.8842753752299224, 0.8265395273173626]",0.3179825193442522,0.47992869214595724,0.31696830316968305,0.24532091057577318,0.7515915075159151
P46821,336.0,"[7, 13]","[['Phospho@S'], ['Phospho@S']]","[['K.IAELEEEQS[+81]QGSTTNSDWMK.N'], ['K.IAELEEEQS[+81]QGSTTNSDWMK.N']]","[['bannertmt_b07_05.39730.39730.3'], ['bannertmt_b13_09.47038.47038.3']]","[[['129C', '128C', '127C', '130C']], [['130N', '131N', '127C', '129N']]]","[[['129N', '131N', '130N', '128N', '127N']], [['128C', '127N', '130C', '128N', '129C']]]","[[['126', '131C']], [['126', '131C']]]","[[0.9828844196990589], [1.0]]","[[1.0512901151420877], [0.7626168472197992]]","[[0.6920494226699895], [0.969207045207866]]","[[0.9783266944155988], [1.0]]","[[1.0398716614431518], [0.9350123640367851]]","[[1.2644570675359252], [1.4341397236289837]]","[[1.1524613666831074], [0.8777146703624185]]","[[0.8158724650580782], [0.8802900926273388]]","[[0.9837918481421019], [1.112711741926963]]","[[1.1356290290715687], [1.0]]","[[0.9999883364905237], [0.9999995432138956]]","[0.9837918481421019, 1.0398716614431518, 0.6920494226699895, 1.1524613666831074, 1.0, 0.7626168472197992, 0.969207045207866, 1.0]","[0.9783266944155988, 1.0512901151420877, 0.9828844196990589, 0.8158724650580782, 1.2644570675359252, 0.9350123640367851, 1.4341397236289837, 0.8777146703624185, 0.8802900926273388, 1.112711741926963]",0.3316136840027972,0.755691342054514,0.33936606339366066,0.4171228583467861,0.7515915075159151
P29966,101.0,"[3, 22]","[['Phospho@S'], ['Phospho@S']]","[['K.GEPAAAAAPEAGAS[+81]PVEK.E'], ['K.GEPAAAAAPEAGAS[+81]PVEK.E']]","[['bannertmt_b03_24.17612.17612.2'], ['bannertmt_b22_23.16785.16785.2']]","[[['130N', '129N', '131N', '128N']], [['128N', '130C', '127C', '129N', '127N']]]","[[['128C', '127N', '130C', '129C', '127C']], [['131N', '128C', '129C', '130N']]]","[[['126', '131C']], [['126', '131C']]]","[[0.8407484179389031], [0.9068045097469527]]","[[1.0781324076203376], [0.721095586062365]]","[[1.6310202319070741], [0.7590139247844008]]","[[0.9427881907641207], [0.9829332999101724]]","[[1.1911520880410165], [0.8239685444099809]]","[[1.0], [0.5207588870518307]]","[[0.9795657562027856], [0.7875894815344064]]","[[1.10505486982121], [0.7360760660415383]]","[[1.3208710515459268], [0.5270942989189401]]","[[1.0430504644553256], [0.8571805455239007]]","[[1.0], [1.0000009201857116]]","[0.8407484179389031, 0.9427881907641207, 1.0781324076203376, 1.10505486982121, 0.7360760660415383, 0.7875894815344064, 0.7590139247844008, 0.9829332999101724, 0.5207588870518307]","[1.1911520880410165, 1.0, 0.9795657562027856, 1.3208710515459268, 1.6310202319070741, 0.721095586062365, 0.8239685444099809, 0.5270942989189401, 0.9068045097469527]",0.3396174030862301,0.37722461666745344,0.3397660233976602,8.401799583824062,0.7515915075159151
Q8N2F6-2,45.0,"[13, 17]","[['Phospho@S'], ['Phospho@S']]","[['K.S[+80]AEDLTDGSYDDVLNAEQLQK.L'], ['K.S[+80]AEDLTDGSYDDVLNAEQLQK.L']]","[['bannertmt_b13_02.48444.48444.3'], ['bannertmt_b17_02.38023.38023.3']]","[[['130N', '131N', '127C', '129N']], [['127C', '129C', '128C', '130C']]]","[[['128C', '127N', '130C', '128N', '129C']], [['130N', '131N', '127N', '129N', '128N']]]","[[['126', '131C']], [['126', '131C']]]","[[0.845037119042863], [1.0]]","[[0.9881349940023049], [1.1210357044197032]]","[[1.1968944869508122], [0.8443963505407722]]","[[0.7752856046301547], [1.097176337019571]]","[[1.0], [0.9582796297225231]]","[[0.8730036423552744], [1.1119826776263575]]","[[1.238993897083661], [1.413239889389462]]","[[0.9481709640745742], [1.0]]","[[1.084105568774811], [0.9081633566110389]]","[[0.8099410488221231], [0.9835598187335886]]","[[1.0], [1.0000025519954114]]","[0.845037119042863, 0.9881349940023049, 1.1968944869508122, 0.7752856046301547, 0.8443963505407722, 0.9081633566110389, 0.9582796297225231, 1.413239889389462]","[1.0, 0.8730036423552744, 1.238993897083661, 0.9481709640745742, 1.084105568774811, 1.0, 1.1210357044197032, 1.1119826776263575, 1.097176337019571, 1.0]",0.39290283337634946,0.1675673982252247,0.34656534346565343,-1.7205890667716033,0.7515915075159151
P46821,1400.0,"[6, 17, 21]","[['Phospho@S'], ['Phospho@S', 'Phospho@S'], ['Phospho@S']]","[['R.S[+80]PPLIGSESAYESFLSADDK.A'], ['R.S[+80]PPLIGSESAYESFLSADDK.A', 'R.S[+80]PPLIGSESAYESFLSADDK.A'], ['R.S[+80]PPLIGSESAYESFLSADDK.A']]","[['bannertmt_b06_15.48745.48745.3'], ['bannertmt_b17_13.45229.45229.3', 'bannertmt_b17_13.45033.45033.3'], ['bannertmt_b21_14.44449.44449.3']]","[[['129N', '127C', '131N', '130C']], [['127C', '129C', '128C', '130C'], ['127C', '129C', '128C', '130C']], [['130C', '129C', '128C', '127C', '131N']]]","[[['130N', '127N', '129C', '128C', '128N']], [['130N', '131N', '127N', '129N', '128N'], ['130N', '131N', '127N', '129N', '128N']], [['127N', '128N', '130N', '129N']]]","[[['126', '131C']], [['126', '131C'], ['126', '131C']], [['126', '131C']]]","[[0.841235797610533], [0.8773740758914863, 0.8398066256314332], [1.0197933629166855]]","[[0.768044903549307], [0.9751869195686197, 0.9341541491171764], [1.3812902383911396]]","[[0.927949935264765], [0.8541690672441923, 0.9069790119308694], [1.049805255155465]]","[[0.9787339957822345], [0.9092825577182201, 0.6733697577840752], [1.153778851807257]]","[[0.9898044515252512], [0.9433502728093384, 1.0003570789620848], [0.9788127752265293]]","[[0.9154747679487567], [0.7161284498173164, 0.7103445899153563], [0.9896343288406029]]","[[1.0523577758751637], [1.2083492024627545, 0.9824012009473385], [0.8804124108285724]]","[[1.0205052768033542], [0.8343894336326135, 0.6934272095225044], [1.2785367917438257]]","[[1.0084576958263416], [1.0598953170996546, 0.9112514529378816], [1.0093861331504548]]","[[1.1740003135239703], [1.042153747252048, 1.0348408494426962], [1.0606565478287164]]","[[1.0000044353067998], [1.0000041175248822, 1.000001587636889], [1.0000051799175829]]","[0.9787339957822345, 0.927949935264765, 0.768044903549307, 1.0523577758751637, 0.9069790119308694, 1.0598953170996546, 1.0003570789620848, 1.2083492024627545, 0.8804124108285724, 1.0093861331504548, 0.9788127752265293, 1.049805255155465, 1.3812902383911396]","[0.841235797610533, 0.9154747679487567, 1.0084576958263416, 0.9898044515252512, 1.0205052768033542, 0.8773740758914863, 0.9751869195686197, 0.7161284498173164, 0.9092825577182201, 0.8343894336326135, 0.9896343288406029, 1.2785367917438257, 1.0197933629166855, 1.153778851807257]",0.3813120526968271,0.3440159425802912,0.37876212378762125,-0.020087571088542453,0.7515915075159151
P35612,600.0,"[17, 21]","[['Phospho@S'], ['Phospho@S']]","[['K.SAPAS[+81]PVQSPAK.E'], ['K.SAPAS[+81]PVQSPAK.E']]","[['bannertmt_b17_13.12288.12288.2'], ['bannertmt_b21_11.11597.11597.2']]","[[['127C', '129C', '128C', '130C']], [['130C', '129C', '128C', '127C', '131N']]]","[[['130N', '131N', '127N', '129N', '128N']], [['127N', '128N', '130N', '129N']]]","[[['126', '131C']], [['126', '131C']]]","[[1.7752081129633963], [1.2921886430144178]]","[[1.5797251710796028], [0.8434631784362631]]","[[1.6550798620001017], [1.5511567649486842]]","[[1.3569484066633208], [1.1609973875325024]]","[[2.006572726062104], [0.7982716021164523]]","[[2.124096694366077], [1.210320435786354]]","[[1.4665726245946156], [0.9495962561022765]]","[[1.7298627374093236], [1.3448761760008598]]","[[2.1886256764538703], [1.1287513457299436]]","[[0.2757503595937929], [0.9202052782574697]]","[[0.9999982069975903], [0.9999876332086075]]","[1.6550798620001017, 2.1886256764538703, 2.006572726062104, 1.4665726245946156, 0.9495962561022765, 1.1287513457299436, 0.7982716021164523, 1.5511567649486842, 0.8434631784362631]","[1.7752081129633963, 1.5797251710796028, 2.124096694366077, 1.3569484066633208, 1.7298627374093236, 1.210320435786354, 1.3448761760008598, 1.2921886430144178, 1.1609973875325024]",0.42333053711352353,0.5364994693194564,0.40435956404359563,1.2545216486701738,0.7515915075159151
Q14195,507.0,"[3, 18, 22]","[['Phospho@T', 'Phospho@T', 'Phospho@T', 'Phospho@T'], ['Phospho@T', 'Phospho@T', 'Phospho@T'], ['Phospho@T', 'Phospho@T', 'Phospho@T', 'Phospho@T', 'Phospho@T']]","[['R.GMYDGPVFDLT[+80]TTPK.G', 'R.GMYDGPVFDLT[+80]TTPK.G', 'R.GMYDGPVFDLT[+80]TTPK.G', 'R.GMYDGPVFDLT[+80]TTPK.G'], ['R.GMYDGPVFDLT[+80]TTPK.G', 'R.GMYDGPVFDLT[+80]TTPK.G', 'R.GMYDGPVFDLT[+80]TTPK.G'], ['R.GMYDGPVFDLT[+80]TTPK.G', 'R.GMYDGPVFDLT[+80]TTPK.G', 'R.GMYDGPVFDLT[+80]TTPK.G', 'R.GMYDGPVFDLT[+80]TTPK.G', 'R.GMYDGPVFDLT[+80]TTPK.G']]","[['bannertmt_b03_24.41067.41067.2', 'bannertmt_b03_24.41207.41207.3', 'bannertmt_b03_24.41032.41032.3', 'bannertmt_b03_24.36938.36938.3'], ['bannertmt_b18_22.40613.40613.2', 'bannertmt_b18_22.40634.40634.3', 'bannertmt_b18_22.40870.40870.2'], ['bannertmt_b22_23.40569.40569.2', 'bannertmt_b22_23.40403.40403.2', 'bannertmt_b22_23.40382.40382.3', 'bannertmt_b22_23.40550.40550.3', 'bannertmt_b22_23.36436.36436.3']]","[[['130N', '129N', '131N', '128N'], ['130N', '129N', '131N', '128N'], ['130N', '129N', '131N', '128N'], ['130N', '129N', '131N', '128N']], [['130N', '131N', '127C', '129N', '128C'], ['130N', '131N', '127C', '129N', '128C'], ['130N', '131N', '127C', '129N', '128C']], [['128N', '130C', '127C', '129N', '127N'], ['128N', '130C', '127C', '129N', '127N'], ['128N', '130C', '127C', '129N', '127N'], ['128N', '130C', '127C', '129N', '127N'], ['128N', '130C', '127C', '129N', '127N']]]","[[['128C', '127N', '130C', '129C', '127C'], ['128C', '127N', '130C', '129C', '127C'], ['128C', '127N', '130C', '129C', '127C'], ['128C', '127N', '130C', '129C', '127C']], [['129C', '130C', '128N', '127N'], ['129C', '130C', '128N', '127N'], ['129C', '130C', '128N', '127N']], [['131N', '128C', '129C', '130N'], ['131N', '128C', '129C', '130N'], ['131N', '128C', '129C', '130N'], ['131N', '128C', '129C', '130N'], ['131N', '128C', '129C', '130N']]]","[[['126', '131C'], ['126', '131C'], ['126', '131C'], ['126', '131C']], [['126', '131C'], ['126', '131C'], ['126', '131C']], [['126', '131C'], ['126', '131C'], ['126', '131C'], ['126', '131C'], ['126', '131C']]]","[[1.0364102859029354, 1.0617595854854418, 1.0, 0.8630279805315054], [1.016903034090981, 1.0, 1.2296730822674964], [1.0337166685476407, 0.8554962126900837, 1.1358797293250613, nan, 1.2734066822974213]]","[[0.7827870092495097, 0.7972351260798256, 0.8774849257799671, 0.9488443353228856], [0.9477641873332111, 0.9485018546551334, 1.1276855815015965], [1.318601298905821, 0.9370340585506511, 1.151011903053958, nan, 1.1815470079913757]]","[[0.8366398255776285, 0.9371212350991991, 0.9362211018332796, 1.164700912012898], [0.9701042897692392, 1.0, 1.0459002606366326], [1.283825493889738, 1.2751962750929242, 1.1490449321009224, nan, 1.1635844374533466]]","[[1.0061141972710976, 1.0978380566441, 1.0888712431824836, 1.0], [0.9057482693658657, 1.0989711700420686, 1.0], [0.5995229270632265, 0.6720342151590032, 0.9967523800456618, nan, 1.1165881080104592]]","[[0.8489594323156117, 0.9283281166687269, 0.9017295848990845, 0.9904357318773752], [1.1153764363275191, 1.0194245892843932, 0.9816082718101282], [1.0272338263635628, 0.6972490110221463, 0.8911185899234954, nan, 0.9954344353774701]]","[[0.9378433666788232, 0.9536812392478189, 0.9302389864716114, 1.0475697654598275], [1.1846303888478869, 1.0, 1.1086317110319261], [0.8992502301057919, 0.7986283578161991, 0.9931417809791971, nan, 1.2136440459866853]]","[[0.9576972256142428, 1.018085848165274, 1.007332475126971, 1.006343833234236], [1.1940825812284959, 1.1292182665214094, 1.0207708041034844], [0.9329772317666922, 1.054247174031519, 0.9993312275238816, nan, 1.0212415871970353]]","[[0.9126550455686573, 0.9098305583716327, 0.9163650673732164, 0.9636650017431364], [0.9151819215971664, 1.0172105897830153, 1.1641259114121814], [0.9289005994888475, 1.2011115368973062, 1.1048411339974755, nan, 1.0607297745761788]]","[[0.7435673431622428, 0.8016890016317744, 0.9147504454226834, 1.0], [1.0130619933169456, 0.9770277815633419, 1.0877458181543977], [1.6330326081251105, 1.1954340711041282, 1.1287647637679628, nan, 1.2449363601392964]]","[[1.0580505666050664, 0.996658635269195, 1.0275569665044852, 1.0225609501158888], [0.9421184915838074, 1.0505449763917798, 1.0], [1.0, 0.9586257118143949, 1.0672977447096836, nan, 1.0882996205901705]]","[[1.0000004096870896, 1.0000054415527155, 1.0000036787117852, 1.0000055177455203], [1.0000022859612485, 1.0000102210173372, 0.9999899257594844], [0.9999770089424663, 0.999997515077921, 1.0000135242475536, nan, 1.0000113112535263]]","[1.0617595854854418, 1.0978380566441, 0.9488443353228856, 0.9636650017431364, 1.2296730822674964, 1.1276855815015965, 1.0459002606366326, 1.0989711700420686, 1.1153764363275191, 1.2011115368973062, 1.054247174031519, 1.283825493889738, 1.1165881080104592, 1.2136440459866853]","[0.9904357318773752, 1.0475697654598275, 1.018085848165274, 1.0, 1.164700912012898, 1.0877458181543977, 1.1940825812284959, 1.1641259114121814, 1.1846303888478869, 1.318601298905821, 1.0272338263635628, 1.6330326081251105, 1.2734066822974213]",0.4075610892115802,0.7895508747416392,0.40995900409959,0.6697562401094059,0.7515915075159151
P07197,736.0,"[3, 22]","[['Phospho@S'], ['Phospho@S']]","[['K.KAES[+81]PVKEEAVAEVVTITK.S'], ['K.KAES[+81]PVKEEAVAEVVTITK.S']]","[['bannertmt_b03_24.37257.37257.3'], ['bannertmt_b22_23.35839.35839.3']]","[[['130N', '129N', '131N', '128N']], [['128N', '130C', '127C', '129N', '127N']]]","[[['128C', '127N', '130C', '129C', '127C']], [['131N', '128C', '129C', '130N']]]","[[['126', '131C']], [['126', '131C']]]","[[1.0302970588178633], [0.7534834670580478]]","[[1.0494292653513202], [0.8528807204144222]]","[[1.0], [1.0387997024037594]]","[[0.8835765703853974], [0.8328755878248506]]","[[0.8595515259351079], [1.044219450306186]]","[[0.8850601463627379], [1.3134548958152492]]","[[1.0514466616691631], [0.871241618752665]]","[[1.0], [0.7947973864434019]]","[[1.1404619562291793], [0.7727020263708344]]","[[1.1049399750025433], [0.8714116630958295]]","[[0.9999973652317197], [0.999996898143278]]","[1.0302970588178633, 0.8835765703853974, 1.0494292653513202, 1.0, 0.7947973864434019, 0.871241618752665, 1.0387997024037594, 0.8328755878248506, 1.3134548958152492]","[0.8595515259351079, 0.8850601463627379, 1.0514466616691631, 1.1404619562291793, 1.0, 0.8528807204144222, 1.044219450306186, 0.7727020263708344, 0.7534834670580478]",0.47694561711201866,0.6909509366043816,0.49055094490550943,-0.0,0.7821789249646465
P02686,232.0,"[5, 7, 13, 18, 22]","[['Phospho@T', 'Phospho@T', 'Phospho@T', 'Phospho@T', 'Phospho@T', 'Phospho@T', 'Phospho@T'], ['Phospho@T', 'Phospho@T', 'Phospho@T', 'Phospho@T', 'Phospho@T'], ['Phospho@T'], ['Phospho@T'], ['Phospho@T', 'Phospho@T', 'Phospho@T', 'Phospho@T', 'Phospho@T', 'Phospho@T', 'Phospho@T', 'Phospho@T']]","[['R.T[+80]PPPSQGK.G', 'R.T[+80]PPPSQGK.G', 'R.T[+80]PPPSQGK.G', 'R.T[+80]PPPSQGK.G', 'R.T[+80]PPPSQGK.G', 'R.T[+80]PPPSQGK.G', 'R.T[+80]PPPSQGK.G'], ['R.T[+80]PPPSQGK.G', 'R.T[+80]PPPSQGK.G', 'R.T[+80]PPPSQGK.G', 'R.T[+80]PPPSQGK.G', 'R.T[+80]PPPSQGK.G'], ['R.T[+80]PPPSQGK.G'], ['K.NIVTPRT[+81]PPPSQGK.G'], ['R.T[+80]PPPSQGK.G', 'R.T[+80]PPPSQGK.G', 'R.T[+80]PPPSQGK.G', 'R.T[+80]PPPSQGK.G', 'R.T[+80]PPPSQGK.G', 'R.T[+80]PPPSQGK.G', 'R.T[+80]PPPSQGK.G', 'R.T[+80]PPPSQGK.G']]","[['bannertmt_b05_07.6791.6791.2', 'bannertmt_b05_07.7660.7660.2', 'bannertmt_b05_07.7985.7985.2', 'bannertmt_b05_07.7485.7485.2', 'bannertmt_b05_07.7448.7448.3', 'bannertmt_b05_07.7629.7629.3', 'bannertmt_b05_07.7273.7273.2'], ['bannertmt_b07_05.8772.8772.2', 'bannertmt_b07_05.8604.8604.2', 'bannertmt_b07_05.8272.8272.2', 'bannertmt_b07_05.8124.8124.2', 'bannertmt_b07_05.8431.8431.2'], ['bannertmt_b13_09.9897.9897.2'], ['bannertmt_b18_22.14094.14094.2'], ['bannertmt_b22_08.6207.6207.2', 'bannertmt_b22_08.6069.6069.2', 'bannertmt_b22_08.6853.6853.2', 'bannertmt_b22_08.6281.6281.3', 'bannertmt_b22_08.5911.5911.2', 'bannertmt_b22_08.5404.5404.2', 'bannertmt_b22_08.6578.6578.2', 'bannertmt_b22_08.5252.5252.2']]","[[['127C', '129N', '130N', '131N'], ['127C', '129N', '130N', '131N'], ['127C', '129N', '130N', '131N'], ['127C', '129N', '130N', '131N'], ['127C', '129N', '130N', '131N'], ['127C', '129N', '130N', '131N'], ['127C', '129N', '130N', '131N']], [['129C', '128C', '127C', '130C'], ['129C', '128C', '127C', '130C'], ['129C', '128C', '127C', '130C'], ['129C', '128C', '127C', '130C'], ['129C', '128C', '127C', '130C']], [['130N', '131N', '127C', '129N']], [['130N', '131N', '127C', '129N', '128C']], [['128N', '130C', '127C', '129N', '127N'], ['128N', '130C', '127C', '129N', '127N'], ['128N', '130C', '127C', '129N', '127N'], ['128N', '130C', '127C', '129N', '127N'], ['128N', '130C', '127C', '129N', '127N'], ['128N', '130C', '127C', '129N', '127N'], ['128N', '130C', '127C', '129N', '127N'], ['128N', '130C', '127C', '129N', '127N']]]","[[['128N', '130C', '129C', '127N', '128C'], ['128N', '130C', '129C', '127N', '128C'], ['128N', '130C', '129C', '127N', '128C'], ['128N', '130C', '129C', '127N', '128C'], ['128N', '130C', '129C', '127N', '128C'], ['128N', '130C', '129C', '127N', '128C'], ['128N', '130C', '129C', '127N', '128C']], [['129N', '131N', '130N', '128N', '127N'], ['129N', '131N', '130N', '128N', '127N'], ['129N', '131N', '130N', '128N', '127N'], ['129N', '131N', '130N', '128N', '127N'], ['129N', '131N', '130N', '128N', '127N']], [['128C', '127N', '130C', '128N', '129C']], [['129C', '130C', '128N', '127N']], [['131N', '128C', '129C', '130N'], ['131N', '128C', '129C', '130N'], ['131N', '128C', '129C', '130N'], ['131N', '128C', '129C', '130N'], ['131N', '128C', '129C', '130N'], ['131N', '128C', '129C', '130N'], ['131N', '128C', '129C', '130N'], ['131N', '128C', '129C', '130N']]]","[[['126', '131C'], ['126', '131C'], ['126', '131C'], ['126', '131C'], ['126', '131C'], ['126', '131C'], ['126', '131C']], [['126', '131C'], ['126', '131C'], ['126', '131C'], ['126', '131C'], ['126', '131C']], [['126', '131C']], [['126', '131C']], [['126', '131C'], ['126', '131C'], ['126', '131C'], ['126', '131C'], ['126', '131C'], ['126', '131C'], ['126', '131C'], ['126', '131C']]]","[[0.9707678050434266, 1.772750904406731, 1.504902467793018, 1.8111354915487654, 0.7537470689920593, 1.643580911342316, 0.7665389317479717], [0.558156387079622, 0.604876552231347, 0.42620825338940055, 0.9217942422556384, 0.43900689058929876], [0.98425722001647], [0.3631051993706531], [0.795026069621046, 1.533690382463298, 1.0002145898763681, 0.8655191297577493, 0.8225160898186619, 1.4478244973366399, 0.8307139983252783, 1.5694595389456387]]","[[1.0483304488175442, 1.6398338101001262, 1.6442364469850534, 2.011688167887307, 0.951669551182456, 1.9365689680498024, 0.8858754876351101], [0.9036638650754169, 0.8549806799287575, 0.877640151280351, 0.9554280260779862, 0.9015719492644697], [0.749200965513039], [1.1499327205919119], [0.9228393621306623, 1.8124949250148665, 1.0461082195146396, 0.8836773210707873, 0.9048504893846611, 1.5194820302393446, 0.8602037615532786, 1.5225752238066734]]","[[1.0234430315588958, 1.406349668985044, 1.416113271419175, 1.8463461431443644, 0.5676774115359356, 1.732260237326249, 0.7230950987563333], [1.1156526332549934, 1.0304900477692163, 0.9695099522307837, 1.412015827904514, 1.1406686090245899], [1.0], [0.6039495057121902], [0.5622161888662612, 0.9366217363725668, 0.7541720687400932, 0.6169747208735676, 0.7217155317083551, 1.635250983140044, 0.7366861054690608, 1.6296970720173671]]","[[0.9880137669190308, 1.2538072728390302, 2.1240175379902504, 1.4219230288523945, 0.7505906188670941, 1.1374292540160151, 0.9490435084108041], [1.2036354274638488, 1.0216733055844012, 1.2006918927496684, 1.2222771537596182, 1.0949592960046124], [0.9872038009536762], [0.5088510779398493], [0.9491824287170317, 1.6144406740983603, 0.966144638097838, 1.003247619954338, 0.9238827822875952, 2.0390858413080974, 0.9914621723612397, 1.819306324517646]]","[[1.029289216027871, 1.4882081483488472, 1.3729149853242273, 1.7023055521043324, 0.8928623696011092, 1.6423517440965294, 0.9707107839721292], [1.0814854292622391, 0.8669303989593136, 0.9134443504515705, 1.1735721166146398, 0.8324354335191483], [0.7112372286641564], [0.866914149472179], [1.051788970206886, 1.8279158857394382, 0.9841298091367038, 0.9560940075828822, 0.92395053156535, 2.0155126018835197, 1.0478917565429997, 2.136871697316495]]","[[0.9172285542897818, 2.068864046677668, 1.608906067528269, 1.9635542128025303, 0.9828699870111592, 2.1028283460083492, 0.9542187914543515], [0.6367339464960942, 0.46972127631190946, 0.5254443017028151, 1.02900165725828, 0.9709983427417199], [0.6828827361700369], [0.9534865209584582], [1.3716121899085891, 3.251914754251904, 1.1782019885116903, 1.409125218985602, 1.404143059624399, 1.3622246845157657, 1.093336922708549, 1.6228167581504507]]","[[0.9049050471517515, 1.5171136826046208, 1.6216337347479315, 1.7184700720164505, 0.8996222319590671, 1.6225823609824002, 0.7990919558276375], [0.9539067449733357, 0.5732399303410101, 0.62539942963346, 0.5776940969726511, 0.6755812924382527], [0.9419685376960905], [0.7884574788791688], [1.2683366093712343, 1.378044594367587, 1.012548131075497, 1.2178146179308802, 1.0884985031130137, 1.6153118486767455, 0.9211485642242133, 1.3850259022574793]]","[[0.5940368209279009, 1.0445670400108553, 1.040332716732523, 1.0870343886222635, 0.5476136245016093, 0.959667283267477, 0.6720084133906998], [1.081181587453472, 1.069870360873837, 1.012848794564697, 0.6627364554556748, 1.051883170667033], [0.6995317238402525], [0.874452595427923], [0.9974318348243796, 1.7602924950759358, 1.0128242308942201, 1.2571213168078177, 0.9008520148462927, 1.7074349145405041, 0.9499254156065475, 1.7780280866327964]]","[[1.1841849236690785, 1.6932094297822808, 1.2470918888596068, 1.4726289421677736, 0.7233404117822283, 1.4051155781352513, 0.8005039622129202], [2.3138152957209326, 2.2433328066111464, 2.658439408153986, 2.0139534769509773, 2.5479181980528858], [0.8102203635055266], [0.7544060071785954], [0.5416833797714843, 0.9305740489216087, 0.7785341803416819, 0.5131800568201452, 0.6800340277027439, 1.8005303581345717, 0.7591784705402089, 1.6852995982342702]]","[[1.0035498041207696, 2.0197081522639837, 0.038068454416688303, 2.0342914431442334, 1.0095287156775161, 2.0158090298154163, 1.1022673197874728], [1.0617526653001002, 1.0238561832758535, 0.9657876544107331, 0.9781465460693353, 0.9970998316822464], [0.9076740485840299], [0.9568934446131584], [0.9901872352119395, 2.042719653792884, 0.9907253314374038, 1.0264223474093055, 0.9940776277830827, 0.012721950045902082, 1.013426852897214, 2.0957105244829304]]","[[0.9999853421323558, 0.9999760414224109, 1.0000046195815966, 0.99996550939473, 1.000003089218928, 0.9999199098603738, 1.0000027773329285], [0.9999816393386454, 0.9999987697423014, 1.000005619169413, 1.0000055796346066, 1.0000026755710507], [1.000012176017848], [0.9999976697590364], [1.0000162410070623, 0.9999321043155136, 1.0000117201788392, 1.0000105005351303, 1.0000136554298915, 1.0000169484725572, 1.0000145736523982, 0.9995714962313234]]","[1.8463461431443644, 2.1240175379902504, 1.8111354915487654, 2.011688167887307, 2.658439408153986, 1.1735721166146398, 1.412015827904514, 0.9539067449733357, 0.98425722001647, 0.749200965513039, 1.0, 0.9872038009536762, 0.3631051993706531, 1.1499327205919119, 0.6039495057121902, 0.5088510779398493, 0.866914149472179, 1.7780280866327964, 1.6153118486767455, 1.635250983140044, 2.0390858413080974, 3.251914754251904]","[1.0870343886222635, 1.7184700720164505, 1.6932094297822808, 2.1028283460083492, 1.7023055521043324, 1.2222771537596182, 0.9554280260779862, 0.9217942422556384, 1.081181587453472, 1.02900165725828, 0.7112372286641564, 0.6828827361700369, 0.9419685376960905, 0.6995317238402525, 0.8102203635055266, 0.7544060071785954, 0.7884574788791688, 0.874452595427923, 0.9534865209584582, 1.8124949250148665, 2.136871697316495, 1.8005303581345717, 1.5694595389456387]",0.4829052487102118,0.3232988681444009,0.49775022497750226,8.833281096057856,0.7821789249646465
Q8TB36,15.0,"[7, 11]","[['Phospho@R'], ['Phospho@R']]","[['R.QEEQRGSPPLR[+81]AEGK.A'], ['R.QEEQRGSPPLR[+81]AEGK.A']]","[['bannertmt_b07_05.12429.12429.4'], ['bannertmt_b11_04.13325.13325.4']]","[[['129C', '128C', '127C', '130C']], [['128C', '128N', '127C', '130C']]]","[[['129N', '131N', '130N', '128N', '127N']], [['131N', '130N', '129C', '127N', '129N']]]","[[['126', '131C']], [['126', '131C']]]","[[1.2888234032690473], [1.4555652433273483]]","[[1.10747348142886], [1.564368214738462]]","[[0.8377915266332444], [1.5179585407257097]]","[[0.9088491396546917], [1.439750969854565]]","[[1.0609749219847018], [1.365689557714722]]","[[1.458325307916193], [1.2915667233473107]]","[[1.225968425587687], [1.3396052145469655]]","[[0.9596476598012088], [1.48653234253385]]","[[0.9581539865736949], [1.3871448738115886]]","[[1.0026462238349358], [0.1756854523362065]]","[[1.00000180730188], [1.000010869178988]]","[0.9581539865736949, 1.0609749219847018, 0.8377915266332444, 1.225968425587687, 1.365689557714722, 1.48653234253385, 1.5179585407257097, 1.3396052145469655]","[0.9088491396546917, 1.10747348142886, 1.2888234032690473, 0.9596476598012088, 1.458325307916193, 1.564368214738462, 1.4555652433273483, 1.3871448738115886, 1.2915667233473107, 1.439750969854565]",0.5840564946780696,0.6334384569678687,0.5785421457854215,0.850802588768379,0.7880100878801007
Q9UEY8,677.0,"[3, 22]","[['Phospho@S'], ['Phospho@S']]","[['K.IEEVLSPEGS[+81]PSKSPSK.K'], ['K.IEEVLSPEGS[+81]PSKSPSK.K']]","[['bannertmt_b03_24.30376.30376.4'], ['bannertmt_b22_23.29001.29001.3']]","[[['130N', '129N', '131N', '128N']], [['128N', '130C', '127C', '129N', '127N']]]","[[['128C', '127N', '130C', '129C', '127C']], [['131N', '128C', '129C', '130N']]]","[[['126', '131C']], [['126', '131C']]]","[[1.859867936984287], [0.9706345450502413]]","[[1.7023479643343014], [1.3595683704668995]]","[[2.0478912013218036], [1.364231202351524]]","[[1.942719803580714], [0.7102366088817612]]","[[1.723635835120769], [1.0503360692491948]]","[[1.7861361904999178], [1.0062055293104744]]","[[1.8742232439368656], [1.0265896742533438]]","[[1.778606924258903], [1.1981749053445163]]","[[1.5523114376076477], [1.0448899567380994]]","[[0.022404698888956652], [0.9425529367285361]]","[[1.000006154307976], [1.0000021207975232]]","[1.859867936984287, 1.942719803580714, 1.7023479643343014, 1.778606924258903, 1.1981749053445163, 1.0265896742533438, 1.364231202351524, 0.7102366088817612, 1.0062055293104744]","[1.723635835120769, 1.7861361904999178, 1.8742232439368656, 1.5523114376076477, 2.0478912013218036, 1.3595683704668995, 1.0503360692491948, 1.0448899567380994, 0.9706345450502413]",0.6054091781131477,0.6588432549492806,0.5917408259174083,0.7062979651194271,0.7880100878801007
P80723,36.0,"[6, 19]","[['Phospho@T', 'Phospho@T', 'Phospho@T', 'Phospho@T'], ['Phospho@T']]","[['K.AEGAATEEEGT[+81]PKESEPQAAAEPAEAK.E', 'K.AEGAATEEEGT[+81]PK.E', 'K.AEGAATEEEGT[+81]PK.E', 'K.AEGAATEEEGT[+81]PK.E'], ['K.AEGAATEEEGT[+81]PK.E']]","[['bannertmt_b06_15.19413.19413.3', 'bannertmt_b06_15.12630.12630.2', 'bannertmt_b06_15.11669.11669.2', 'bannertmt_b06_15.10659.10659.2'], ['bannertmt_b19_18.9171.9171.2']]","[[['129N', '127C', '131N', '130C'], ['129N', '127C', '131N', '130C'], ['129N', '127C', '131N', '130C'], ['129N', '127C', '131N', '130C']], [['128C', '129C', '127C', '129N', '130C']]]","[[['130N', '127N', '129C', '128C', '128N'], ['130N', '127N', '129C', '128C', '128N'], ['130N', '127N', '129C', '128C', '128N'], ['130N', '127N', '129C', '128C', '128N']], [['127N', '130N', '131N', '128N']]]","[[['126', '131C'], ['126', '131C'], ['126', '131C'], ['126', '131C']], [['126', '131C']]]","[[1.0441390219375726, 0.9239359047458157, 1.4914589238949116, 1.1060220797395606], [0.9795895689007553]]","[[1.0539237332018225, 1.1473423746628264, 1.5321240038712365, 1.0506037100397996], [0.719302210672104]]","[[0.8803948814941468, 1.0690752936496022, 1.342435769228155, 0.8851744899708521], [0.9987210729043117]]","[[0.7578966906631213, 0.9329904829124782, 1.1940832799589074, 1.089907820413369], [0.9072865534613237]]","[[0.9009961831936302, 1.0670739248230583, 1.5338428575584546, 1.1229898310593722], [1.0706770621903092]]","[[0.9709951531539843, 1.0463680866730667, 1.8654839776907417, 1.1452921744962752], [0.8104054849707353]]","[[1.2234728592009974, 1.101034884752669, 1.5736626175671509, 1.4223339796827676], [0.9487464003247166]]","[[0.9046923786620485, 1.054129281871206, 1.6072177829540888, 1.2229778472704895], [0.8422349802897537]]","[[1.2187690880809787, 0.7754682908693193, 1.535085599564584, 0.9934579439581084], [0.7956063461277028]]","[[1.0611746382642084, 0.9089142919465925, 0.13177144817769673, 0.9615006329986959], [0.9081232352354311]]","[[1.0000054185998275, 0.9999997055864721, 1.0000176502356861, 0.9999882876678535], [1.00000048615488]]","[1.1940832799589074, 1.342435769228155, 1.5321240038712365, 1.5736626175671509, 1.0706770621903092, 0.7956063461277028, 0.9987210729043117, 0.9072865534613237, 0.9487464003247166]","[1.4914589238949116, 1.8654839776907417, 1.535085599564584, 1.5338428575584546, 1.6072177829540888, 0.8104054849707353, 0.9795895689007553, 0.719302210672104, 0.8422349802897537]",0.6596239508010882,0.6588432549492806,0.6371362863713629,0.17083276902929528,0.7880100878801007
P78559,665.0,"[8, 14, 17]","[['Phospho@H'], ['Phospho@H'], ['Phospho@H']]","[['K.AELEEMEEVH[+81]PSDEEEEDATK.A'], ['K.AELEEMEEVH[+81]PSDEEEEDATK.A'], ['K.AELEEMEEVH[+81]PSDEEEEDATK.A']]","[['bannertmt_b08_12.29299.29299.3'], ['bannertmt_b14_14.41040.41040.4'], ['bannertmt_b17_13.20682.20682.3']]","[[['128C', '127N', '131N', '128N', '130N']], [['127C', '131N', '128N', '130C', '129N', '130N']], [['127C', '129C', '128C', '130C']]]","[[['130C', '127C', '129N', '129C']], [['129C', '128C', '127N']], [['130N', '131N', '127N', '129N', '128N']]]","[[['126', '131C']], [['126', '131C']], [['126', '131C']]]","[[2.078616370505347], [1.1582134441276006], [nan]]","[[1.2943850012677576], [0.8696007013637149], [nan]]","[[1.4441438753698195], [1.096394551631392], [nan]]","[[1.779431400316939], [1.0701691061148777], [nan]]","[[2.094931248225435], [0.7392394740615734], [nan]]","[[2.060255722117829], [1.0151365774788648], [nan]]","[[1.9094742958428748], [1.0649565572104709], [nan]]","[[1.4881363142084187], [1.1795295837927418], [nan]]","[[1.505979718861843], [0.8061055647223303], [nan]]","[[0.09260129232403864], [1.0674643305932932], [nan]]","[[1.00000306283886], [0.9999876061519851], [nan]]","[2.094931248225435, 2.060255722117829, 1.2943850012677576, 1.4881363142084187, 2.078616370505347, 1.096394551631392, 0.8696007013637149, 1.1795295837927418, 1.0649565572104709, 1.0701691061148777, 1.1582134441276006, nan, nan, nan, nan]","[1.9094742958428748, 1.4441438753698195, 1.779431400316939, 1.505979718861843, 0.8061055647223303, 0.7392394740615734, 1.0151365774788648, nan, nan, nan, nan, nan]",0.64594602311769,0.5961538461538461,0.6447355264473552,0.44927404301357493,0.7880100878801007
P07900,263.0,"[6, 21]","[['Phospho@S'], ['Phospho@S']]","[['K.ESEDKPEIEDVGS[+81]DEEEEK.K'], ['K.ESEDKPEIEDVGS[+81]DEEEEK.K']]","[['bannertmt_b06_15.25489.25489.2'], ['bannertmt_b21_14.22742.22742.3']]","[[['129N', '127C', '131N', '130C']], [['130C', '129C', '128C', '127C', '131N']]]","[[['130N', '127N', '129C', '128C', '128N']], [['127N', '128N', '130N', '129N']]]","[[['126', '131C']], [['126', '131C']]]","[[1.0780531756627385], [1.095856208722302]]","[[0.7507464712879633], [1.3888107173189448]]","[[1.0942738119258573], [1.5108705871185746]]","[[1.181837782924321], [1.0440632451215444]]","[[0.9610862859186213], [1.2856623798934346]]","[[1.0], [1.5814682251618246]]","[[0.7545935801438991], [1.1141653806110254]]","[[1.0], [1.402528541947786]]","[[0.976120129833325], [1.4034302073544627]]","[[1.0142139497113294], [0.9887706385388725]]","[[1.0000102450582518], [0.999949017724283]]","[1.181837782924321, 1.0942738119258573, 0.7507464712879633, 0.7545935801438991, 1.1141653806110254, 1.4034302073544627, 1.2856623798934346, 1.5108705871185746, 1.3888107173189448]","[1.0780531756627385, 1.0, 0.976120129833325, 0.9610862859186213, 1.0, 1.5814682251618246, 1.402528541947786, 1.095856208722302, 1.0440632451215444]",0.8444369734665363,0.42653799941096626,0.8237176282371763,3.8745456757273113,0.9537783063798884
P55087,291.0,"[6, 17]","[['Phospho@D'], ['Phospho@D']]","[['K.GSYMEVEDNRSQVETDD[+81]LILKPGVVHVIDVDR.G'], ['K.GSYMEVEDNRSQVETDD[+81]LILKPGVVHVIDVDR.G']]","[['bannertmt_b06_15.41217.41217.4'], ['bannertmt_b17_13.37220.37220.4']]","[[['129N', '127C', '131N', '130C']], [['127C', '129C', '128C', '130C']]]","[[['130N', '127N', '129C', '128C', '128N']], [['130N', '131N', '127N', '129N', '128N']]]","[[['126', '131C']], [['126', '131C']]]","[[1.0559055921846225], [1.0239180987110597]]","[[1.420735291505165], [1.6693317117375432]]","[[0.8798086042926595], [1.18856410880679]]","[[1.0840926520508154], [1.657603344262017]]","[[1.0], [1.2819958482332807]]","[[1.0066902674405331], [1.2039437190797808]]","[[0.6219632505377946], [1.1833608105300906]]","[[0.8256954206317205], [1.0815853248725127]]","[[0.7110522564728856], [1.1141646647717416]]","[[0.9869298412485643], [0.9167883424234129]]","[[1.0000027370064735], [1.0000004924918995]]","[1.0840926520508154, 0.8798086042926595, 1.420735291505165, 0.6219632505377946, 1.18856410880679, 1.1141646647717416, 1.2819958482332807, 1.1833608105300906]","[1.0559055921846225, 1.0066902674405331, 0.7110522564728856, 1.0, 0.8256954206317205, 1.0239180987110597, 1.6693317117375432, 1.2039437190797808, 1.657603344262017, 1.0815853248725127]",0.889742343827328,0.6334384569678687,0.8947105289471053,3.5427992538700037,0.9748168040338823
Q9UQ16,769.0,"[13, 17]","[['Phospho@S'], ['Phospho@S', 'Phospho@S', 'Phospho@S', 'Phospho@S']]","[['R.RS[+80]PPPSPTTQR.R'], ['R.RS[+80]PPPSPTTQR.R', 'R.RS[+80]PPPSPTTQR.R', 'R.RS[+80]PPPSPTTQR.R', 'R.RS[+80]PPPSPTTQR.R']]","[['bannertmt_b13_02.7432.7432.3'], ['bannertmt_b17_02.4349.4349.2', 'bannertmt_b17_02.4337.4337.3', 'bannertmt_b17_02.4515.4515.3', 'bannertmt_b17_02.4528.4528.2']]","[[['130N', '131N', '127C', '129N']], [['127C', '129C', '128C', '130C'], ['127C', '129C', '128C', '130C'], ['127C', '129C', '128C', '130C'], ['127C', '129C', '128C', '130C']]]","[[['128C', '127N', '130C', '128N', '129C']], [['130N', '131N', '127N', '129N', '128N'], ['130N', '131N', '127N', '129N', '128N'], ['130N', '131N', '127N', '129N', '128N'], ['130N', '131N', '127N', '129N', '128N']]]","[[['126', '131C']], [['126', '131C'], ['126', '131C'], ['126', '131C'], ['126', '131C']]]","[[0.9278355926613008], [0.8355318740390084, 0.9454464618757862, 0.9525253666913319, 1.1632652646839932]]","[[1.0], [0.8822096179238419, 0.9964764143365694, 0.7173495295266531, 1.015488485768331]]","[[0.9716108576209594], [0.8565053130247254, 1.029100462678389, 0.8559803199735125, 1.0415287030522151]]","[[0.9346084642293178], [0.9125889158728323, 1.0482483176115511, 0.9944457790782673, 1.0952516439617557]]","[[0.9861333426060631], [0.6557620967805335, 1.132903847323931, 0.7980750915604646, 1.0554092898791456]]","[[0.9964351361984788], [1.0, 0.9206566722489584, 0.872448371953371, 1.0500018614943951]]","[[1.0], [0.9816539054172669, 1.0680491705706796, 1.2523068036937448, 1.1234172627579482]]","[[1.0], [0.8458528598014345, 1.0702042522528865, 0.8048128386645049, 1.0024013087677406]]","[[0.9910926762929255], [0.6613683727391909, 1.0695941221578642, 0.6854475146337891, 1.0818224473124871]]","[[1.0588456842928544], [1.010203930814193, 1.045575391080424, 1.01066722765874, 0.9595798889640964]]","[[1.0000043107420087], [0.9999819043968348, 1.000000039775291, 1.0000047966027348, 1.0000002947639752]]","[0.9278355926613008, 1.0, 0.9716108576209594, 0.9346084642293178, 1.0415287030522151, 1.0818224473124871, 1.132903847323931, 1.2523068036937448]","[0.9861333426060631, 0.9964351361984788, 1.0, 1.0, 0.9910926762929255, 1.1632652646839932, 1.015488485768331, 1.0500018614943951, 1.0952516439617557, 1.0702042522528865]",0.95262865577904,0.8238540535235002,0.9305069493050695,2.647375849876846,0.9748168040338823
P28482,187.0,"[13, 19]","[['Phospho@Y'], ['Phospho@Y']]","[['R.VADPDHDHTGFLTEY[+80]VATR.W'], ['R.VADPDHDHTGFLTEY[+80]VATR.W']]","[['bannertmt_b13_02.34092.34092.3'], ['bannertmt_b19_03.25448.25448.3']]","[[['130N', '131N', '127C', '129N']], [['128C', '129C', '127C', '129N', '130C']]]","[[['128C', '127N', '130C', '128N', '129C']], [['127N', '130N', '131N', '128N']]]","[[['126', '131C']], [['126', '131C']]]","[[1.7232718100859348], [0.9442113702198126]]","[[2.5903377634423013], [0.8030789834952805]]","[[1.8463217202155053], [0.8701304346498068]]","[[1.7330104198677125], [0.8357927624148751]]","[[1.5011517246956914], [1.1096026428258887]]","[[3.143113552346563], [0.7729455130596723]]","[[1.3870332194031978], [1.0524463392006744]]","[[2.485488536934369], [1.3459285539319885]]","[[1.0], [1.0823290911288606]]","[[1.9053880118359172], [1.0421718801891249]]","[[0.9994365772279967], [1.0000062144637811]]","[1.7232718100859348, 2.5903377634423013, 1.8463217202155053, 1.7330104198677125, 1.1096026428258887, 1.0823290911288606, 0.8701304346498068, 0.8357927624148751, 1.0524463392006744]","[1.5011517246956914, 3.143113552346563, 1.3870332194031978, 2.485488536934369, 1.0, 0.7729455130596723, 0.9442113702198126, 0.8030789834952805, 1.3459285539319885]",0.9903889632049252,0.7239320396139757,0.9951004899510049,0.3500758016349853,0.9951004899510049
